Id,Initial_Weight,Final_Weight,Final_Solution,Final_Eps,Run_time,Valid_Solution
vc_20_60_01.txt,861,774,"[1, 2, 3, 4, 5, 7, 8, 9, 13, 14, 16, 17, 18]",127.55555555555554,2.6697139739990234,True
vc_20_60_02.txt,1026,938,"[0, 3, 6, 7, 8, 9, 10, 11, 15, 17, 18, 19]",152.0,2.6841230392456055,True
vc_20_60_03.txt,796,730,"[0, 3, 5, 9, 10, 12, 13, 14, 15, 16, 17, 18, 19]",117.92592592592595,2.296877145767212,True
vc_20_60_04.txt,819,769,"[0, 1, 2, 3, 4, 8, 9, 10, 11, 13, 15, 16, 17, 18]",121.33333333333334,2.5693702697753906,True
vc_20_60_05.txt,926,871,"[1, 3, 4, 5, 6, 8, 9, 11, 12, 14, 16, 17, 18, 19]",137.18518518518516,2.281625747680664,True
vc_20_60_06.txt,890,855,"[0, 2, 3, 5, 6, 7, 8, 9, 11, 12, 15, 17, 18]",131.85185185185185,2.445345163345337,True
vc_20_60_07.txt,1006,984,"[0, 1, 6, 7, 8, 10, 11, 12, 13, 14, 16, 17, 18]",149.03703703703707,2.359009027481079,True
vc_20_60_08.txt,895,867,"[2, 4, 5, 6, 7, 8, 9, 10, 11, 14, 18, 19]",132.5925925925926,2.1985318660736084,True
vc_20_60_09.txt,1002,980,"[1, 3, 5, 7, 8, 9, 10, 11, 12, 13, 15, 16, 18, 19]",148.44444444444446,2.4590227603912354,True
vc_20_60_10.txt,875,875,"[3, 4, 6, 7, 8, 9, 10, 11, 13, 16, 17, 18, 19]",129.62962962962962,2.339637041091919,True
vc_20_120_01.txt,910,844,"[0, 1, 3, 4, 5, 6, 8, 9, 10, 11, 12, 13, 16, 18, 19]",134.81481481481484,3.6259119510650635,True
vc_20_120_02.txt,1086,1009,"[0, 1, 3, 4, 5, 6, 7, 8, 11, 13, 14, 15, 16, 17, 18, 19]",160.88888888888886,3.8250749111175537,True
vc_20_120_03.txt,1039,994,"[0, 1, 2, 3, 4, 5, 7, 8, 10, 11, 12, 15, 16, 17, 18, 19]",153.92592592592592,3.10063099861145,True
vc_20_120_04.txt,1097,1050,"[0, 1, 2, 3, 4, 6, 7, 8, 9, 10, 13, 14, 15, 17, 18, 19]",162.51851851851853,3.225299835205078,True
vc_20_120_05.txt,1029,997,"[1, 3, 4, 5, 6, 7, 8, 9, 10, 11, 12, 15, 16, 17, 18, 19]",152.44444444444446,3.184487819671631,True
vc_20_120_06.txt,961,961,"[0, 1, 2, 3, 4, 6, 7, 8, 9, 10, 12, 13, 14, 15, 16, 18, 19]",142.37037037037038,3.598522901535034,True
vc_20_120_07.txt,991,991,"[0, 1, 2, 4, 5, 7, 8, 9, 11, 12, 13, 14, 15, 17, 18, 19]",146.81481481481484,4.857724905014038,True
vc_20_120_08.txt,1170,1142,"[1, 2, 3, 4, 5, 6, 7, 9, 10, 12, 13, 15, 17, 18, 19]",173.33333333333331,3.9274160861968994,True
vc_20_120_09.txt,1296,1261,"[0, 1, 2, 3, 4, 5, 8, 9, 10, 11, 12, 13, 14, 15, 18, 19]",192.0,3.1583359241485596,True
vc_20_120_10.txt,1148,1133,"[0, 2, 4, 5, 6, 7, 8, 9, 10, 11, 13, 14, 15, 17, 18, 19]",170.07407407407408,3.38247013092041,True
vc_25_150_01.txt,1463,1312,"[0, 2, 3, 4, 5, 7, 8, 9, 11, 13, 14, 15, 16, 17, 19, 20, 21, 23, 24]",216.7407407407407,4.598255157470703,True
vc_25_150_02.txt,1234,1132,"[1, 2, 3, 6, 7, 8, 9, 10, 11, 12, 13, 15, 16, 18, 19, 21, 22, 23, 24]",182.81481481481484,4.61169695854187,True
vc_25_150_03.txt,1416,1352,"[0, 1, 2, 3, 4, 5, 6, 7, 8, 10, 13, 14, 15, 16, 17, 19, 20, 21, 24]",209.77777777777777,4.2273850440979,True
vc_25_150_04.txt,1519,1425,"[0, 1, 2, 3, 4, 7, 8, 9, 12, 13, 14, 15, 16, 17, 19, 21, 22, 23, 24]",225.037037037037,4.095405101776123,True
vc_25_150_05.txt,1390,1307,"[0, 2, 3, 5, 6, 8, 9, 10, 11, 12, 13, 16, 18, 19, 20, 21, 22, 23, 24]",205.92592592592592,4.551862001419067,True
vc_25_150_06.txt,1328,1255,"[0, 1, 2, 4, 5, 6, 7, 8, 9, 10, 11, 12, 13, 15, 16, 18, 20, 21, 22]",196.7407407407407,3.7641072273254395,True
vc_25_150_07.txt,1524,1511,"[0, 1, 4, 5, 7, 9, 10, 11, 12, 13, 14, 16, 17, 18, 19, 20, 21, 22, 23, 24]",225.77777777777777,4.488750696182251,True
vc_25_150_08.txt,1151,1151,"[0, 1, 2, 4, 5, 6, 7, 9, 10, 11, 12, 14, 16, 17, 18, 19, 20, 21, 24]",170.51851851851853,4.198129177093506,True
vc_25_150_09.txt,1248,1248,"[1, 2, 3, 4, 5, 6, 7, 9, 10, 11, 12, 13, 15, 16, 19, 20, 21, 22, 24]",184.8888888888889,4.2517170906066895,True
vc_25_150_10.txt,1061,1061,"[0, 1, 2, 3, 4, 7, 8, 9, 10, 11, 12, 14, 16, 18, 19, 20, 21, 22, 23]",157.18518518518516,4.223310947418213,True
vc_100_500_01.txt,4878,4597,"[1, 2, 4, 5, 6, 7, 8, 9, 10, 12, 13, 14, 16, 17, 18, 19, 22, 23, 24, 26, 30, 33, 34, 35, 36, 38, 39, 40, 41, 42, 43, 44, 46, 47, 48, 49, 50, 52, 54, 55, 57, 58, 59, 60, 61, 63, 64, 66, 67, 68, 69, 70, 71, 72, 74, 75, 76, 77, 78, 81, 83, 84, 85, 86, 89, 90, 92, 93, 94, 95, 96, 97, 98, 99]",68.64529305460624,133.8012890815735,True
vc_100_500_02.txt,5273,5033,"[1, 3, 4, 5, 6, 7, 8, 9, 10, 11, 13, 14, 15, 17, 19, 21, 24, 25, 27, 29, 30, 31, 32, 33, 34, 35, 36, 37, 38, 39, 40, 43, 44, 45, 46, 47, 48, 49, 50, 51, 53, 54, 55, 56, 57, 58, 59, 60, 61, 62, 64, 65, 66, 67, 68, 69, 70, 71, 73, 74, 76, 77, 82, 84, 86, 87, 88, 89, 90, 91, 92, 94, 95, 96, 97, 99]",43.840799233785276,110.97948408126831,True
vc_100_500_03.txt,4592,4424,"[1, 3, 4, 6, 7, 9, 10, 11, 12, 14, 17, 19, 21, 23, 24, 25, 26, 27, 28, 29, 31, 32, 33, 35, 36, 37, 38, 41, 42, 43, 44, 45, 46, 47, 48, 49, 51, 52, 53, 54, 55, 57, 59, 60, 61, 62, 63, 64, 65, 66, 67, 69, 70, 71, 72, 73, 74, 75, 76, 78, 79, 81, 83, 84, 86, 87, 88, 90, 91, 94, 95, 96, 97, 98, 99]",39.267739726888024,83.47675919532776,True
vc_100_500_04.txt,4980,4636,"[2, 6, 8, 11, 12, 14, 16, 18, 19, 20, 22, 23, 24, 25, 26, 27, 28, 29, 30, 31, 33, 34, 35, 36, 37, 38, 39, 41, 42, 43, 44, 46, 47, 48, 50, 51, 52, 54, 55, 58, 59, 60, 61, 62, 63, 64, 65, 66, 67, 69, 71, 72, 73, 74, 75, 78, 79, 81, 84, 85, 87, 88, 89, 90, 91, 92, 93, 94, 95, 96, 97, 98, 99]",67.07962836014812,91.55720090866089,True
vc_100_500_05.txt,5057,4885,"[1, 3, 4, 5, 7, 8, 9, 10, 12, 14, 15, 17, 18, 19, 20, 21, 22, 25, 26, 27, 28, 29, 30, 32, 34, 35, 36, 38, 39, 40, 41, 42, 43, 44, 45, 46, 47, 48, 50, 54, 57, 58, 60, 61, 62, 63, 65, 66, 67, 68, 70, 73, 75, 76, 77, 78, 79, 80, 81, 82, 83, 84, 86, 87, 88, 89, 90, 92, 93, 94, 95, 97]",60.9368385915475,106.0464608669281,True
vc_100_500_06.txt,5069,4860,"[0, 2, 3, 4, 6, 7, 9, 10, 11, 12, 13, 14, 15, 16, 18, 19, 21, 22, 23, 24, 25, 26, 27, 28, 30, 31, 32, 34, 35, 36, 37, 39, 41, 43, 44, 45, 47, 49, 50, 52, 53, 55, 56, 58, 59, 60, 61, 64, 65, 67, 69, 71, 72, 75, 76, 77, 78, 79, 82, 83, 84, 85, 86, 89, 90, 92, 93, 94, 95, 96, 97, 99]",98.89224203627498,67.52395677566528,True
vc_100_500_07.txt,5082,4694,"[0, 1, 2, 3, 4, 5, 7, 8, 9, 10, 11, 14, 15, 17, 18, 19, 20, 23, 24, 25, 26, 27, 28, 30, 32, 33, 35, 38, 39, 40, 41, 43, 45, 46, 48, 49, 50, 51, 52, 53, 54, 55, 58, 60, 61, 62, 63, 64, 65, 68, 69, 70, 72, 73, 75, 76, 77, 78, 79, 81, 85, 86, 87, 88, 89, 90, 92, 93, 96, 97, 98, 99]",99.14586191129402,41.517494678497314,True
vc_100_500_08.txt,4814,4673,"[0, 1, 2, 3, 5, 6, 7, 8, 9, 10, 12, 13, 15, 16, 17, 18, 19, 20, 22, 23, 24, 27, 28, 29, 31, 32, 33, 34, 35, 36, 37, 38, 39, 40, 42, 43, 46, 47, 48, 49, 50, 51, 54, 55, 56, 57, 60, 63, 64, 65, 67, 69, 70, 72, 74, 75, 77, 78, 79, 81, 82, 83, 84, 86, 88, 89, 90, 91, 92, 94, 95, 96, 97, 98]",93.9173906416705,47.3488187789917,True
vc_100_500_09.txt,4722,4657,"[1, 2, 3, 4, 5, 6, 7, 8, 10, 12, 13, 15, 16, 18, 19, 20, 21, 22, 24, 25, 26, 28, 30, 31, 33, 35, 36, 38, 39, 40, 41, 42, 43, 44, 45, 46, 47, 48, 49, 51, 52, 53, 54, 55, 58, 60, 61, 62, 63, 64, 65, 66, 68, 69, 72, 73, 74, 76, 77, 78, 80, 81, 84, 85, 87, 88, 89, 90, 91, 93, 96, 97, 98]",92.1225422953818,53.81567311286926,True
vc_100_500_10.txt,4601,4515,"[0, 1, 2, 3, 5, 6, 7, 8, 9, 10, 11, 16, 17, 18, 20, 21, 22, 23, 24, 25, 26, 27, 28, 29, 30, 32, 33, 35, 38, 39, 40, 41, 42, 47, 48, 50, 51, 52, 53, 55, 56, 57, 58, 59, 60, 61, 62, 63, 64, 65, 66, 68, 69, 70, 71, 72, 74, 75, 76, 77, 79, 80, 82, 83, 85, 86, 87, 88, 89, 90, 91, 92, 93, 94, 95, 98]",89.76192653558908,46.76840400695801,True
vc_100_2000_01.txt,6264,6111,"[0, 1, 2, 4, 5, 7, 8, 9, 10, 11, 12, 13, 14, 15, 16, 17, 18, 20, 21, 22, 23, 24, 25, 26, 28, 29, 30, 31, 32, 33, 34, 35, 36, 37, 38, 39, 41, 42, 43, 44, 45, 46, 47, 48, 49, 50, 51, 52, 53, 54, 55, 56, 57, 58, 60, 61, 62, 63, 65, 66, 67, 68, 69, 70, 71, 72, 73, 74, 75, 76, 77, 78, 79, 81, 82, 83, 84, 85, 86, 87, 88, 89, 90, 91, 92, 93, 94, 95, 97, 98, 99]",122.20576131687241,194.4893651008606,True
vc_100_2000_02.txt,6023,5992,"[0, 1, 2, 3, 4, 5, 6, 7, 8, 10, 11, 12, 13, 14, 15, 16, 17, 19, 20, 21, 22, 23, 26, 27, 28, 29, 30, 31, 32, 33, 34, 35, 36, 37, 38, 39, 40, 41, 43, 45, 46, 47, 48, 49, 50, 51, 52, 53, 54, 55, 56, 57, 58, 59, 60, 61, 62, 63, 65, 66, 67, 68, 69, 70, 71, 72, 75, 76, 77, 78, 79, 80, 81, 82, 83, 84, 85, 86, 88, 89, 90, 91, 92, 93, 94, 95, 96, 97, 98, 99]",117.50403901844231,431.66427087783813,True
vc_100_2000_03.txt,5830,5738,"[0, 1, 2, 3, 4, 5, 6, 8, 9, 10, 11, 12, 13, 14, 15, 16, 17, 18, 19, 20, 21, 22, 23, 24, 26, 28, 29, 30, 31, 32, 33, 34, 35, 36, 37, 38, 39, 40, 42, 43, 44, 46, 47, 48, 49, 50, 51, 52, 53, 54, 55, 56, 57, 58, 59, 60, 61, 62, 63, 64, 65, 66, 67, 68, 69, 70, 71, 72, 73, 74, 75, 76, 78, 79, 81, 82, 83, 84, 85, 86, 87, 88, 89, 90, 91, 92, 93, 95, 96, 98, 99]",113.73875933546717,261.16190695762634,True
vc_100_2000_04.txt,6145,6058,"[0, 1, 2, 3, 4, 5, 6, 7, 8, 9, 10, 11, 12, 15, 16, 17, 19, 20, 21, 22, 23, 24, 25, 26, 27, 28, 29, 30, 31, 32, 33, 34, 35, 36, 37, 38, 40, 41, 42, 43, 44, 45, 46, 47, 48, 49, 50, 51, 52, 53, 54, 55, 56, 57, 58, 59, 60, 62, 63, 64, 66, 67, 69, 70, 71, 72, 73, 74, 75, 76, 77, 79, 80, 81, 82, 83, 84, 85, 86, 87, 88, 89, 90, 91, 92, 94, 95, 96, 97, 98, 99]",72.1091201189949,477.83042883872986,True
vc_100_2000_05.txt,6471,6330,"[0, 1, 3, 4, 5, 6, 7, 8, 9, 11, 12, 13, 14, 15, 16, 19, 20, 21, 22, 23, 24, 25, 26, 28, 29, 30, 31, 32, 33, 34, 35, 36, 37, 38, 39, 40, 41, 42, 43, 44, 45, 47, 48, 49, 50, 52, 53, 54, 55, 56, 57, 58, 59, 60, 61, 62, 63, 64, 65, 66, 67, 68, 69, 70, 71, 72, 74, 75, 76, 77, 79, 80, 81, 82, 83, 84, 85, 86, 87, 88, 89, 90, 91, 92, 93, 94, 95, 96, 98, 99]",53.456732036659346,278.9572219848633,True
vc_100_2000_06.txt,5960,5904,"[0, 1, 2, 3, 4, 5, 6, 8, 9, 10, 11, 12, 13, 14, 15, 16, 18, 19, 20, 21, 22, 23, 24, 25, 26, 27, 28, 29, 30, 31, 32, 34, 35, 36, 38, 39, 40, 41, 42, 43, 44, 46, 47, 48, 49, 50, 51, 53, 54, 55, 56, 57, 59, 60, 62, 63, 64, 65, 66, 67, 68, 69, 70, 71, 72, 73, 74, 75, 76, 77, 78, 79, 81, 82, 83, 84, 85, 86, 87, 88, 89, 90, 92, 93, 94, 95, 96, 97, 98, 99]",174.4124371284865,145.73281621932983,True
vc_100_2000_07.txt,6504,6354,"[1, 2, 3, 4, 5, 6, 7, 8, 9, 10, 11, 12, 13, 15, 16, 17, 19, 20, 21, 22, 25, 26, 27, 28, 29, 30, 32, 33, 34, 35, 36, 37, 38, 39, 40, 41, 43, 44, 45, 46, 47, 49, 50, 51, 52, 53, 54, 55, 56, 57, 58, 59, 60, 61, 64, 65, 66, 67, 68, 69, 70, 71, 72, 73, 74, 75, 76, 77, 78, 79, 80, 81, 82, 83, 84, 85, 86, 87, 88, 89, 90, 91, 92, 93, 94, 95, 96, 97, 98, 99]",126.88797439414728,136.9901099205017,True
vc_100_2000_08.txt,6360,6309,"[0, 1, 2, 3, 4, 5, 6, 7, 8, 9, 10, 11, 12, 13, 14, 15, 16, 17, 18, 19, 20, 21, 22, 23, 24, 26, 27, 28, 29, 31, 32, 33, 34, 35, 36, 37, 38, 39, 40, 41, 42, 43, 45, 46, 47, 48, 49, 50, 51, 52, 53, 54, 55, 57, 58, 59, 60, 61, 62, 63, 65, 66, 67, 68, 69, 70, 71, 73, 74, 76, 77, 78, 79, 80, 81, 82, 83, 84, 85, 86, 87, 88, 89, 91, 92, 93, 94, 95, 96, 97, 99]",124.07864654778237,168.26228380203247,True
vc_100_2000_09.txt,6001,5985,"[0, 1, 2, 3, 5, 6, 7, 8, 9, 10, 11, 12, 13, 14, 16, 17, 18, 19, 20, 21, 22, 23, 24, 25, 26, 27, 28, 29, 30, 31, 32, 33, 34, 35, 36, 37, 38, 39, 41, 42, 44, 45, 46, 47, 48, 49, 50, 51, 52, 53, 54, 55, 56, 57, 58, 59, 61, 62, 64, 65, 66, 67, 68, 69, 70, 72, 74, 75, 77, 78, 79, 80, 81, 82, 83, 84, 85, 86, 87, 88, 89, 90, 91, 92, 93, 94, 95, 96, 97, 98, 99]",117.07483615302544,157.63644909858704,True
vc_100_2000_10.txt,6287,6240,"[2, 3, 4, 5, 7, 8, 9, 10, 11, 12, 13, 14, 15, 16, 17, 18, 19, 20, 21, 22, 23, 24, 25, 26, 27, 28, 29, 30, 31, 32, 33, 35, 36, 37, 38, 39, 40, 43, 44, 45, 46, 47, 48, 49, 50, 51, 52, 53, 54, 56, 57, 58, 60, 61, 62, 63, 64, 65, 66, 67, 69, 70, 71, 72, 73, 74, 75, 77, 78, 79, 80, 81, 83, 84, 85, 86, 87, 88, 89, 90, 91, 92, 93, 94, 95, 96, 97, 98, 99]",122.65447340344463,239.84562397003174,True
vc_200_750_01.txt,9076,8603,"[0, 1, 2, 3, 4, 6, 7, 9, 12, 13, 14, 16, 17, 18, 19, 20, 23, 24, 26, 29, 30, 32, 35, 36, 38, 39, 41, 42, 44, 45, 47, 51, 54, 56, 59, 60, 61, 62, 63, 64, 65, 66, 67, 68, 69, 70, 71, 72, 74, 75, 77, 80, 81, 83, 84, 85, 86, 88, 90, 92, 93, 94, 96, 98, 99, 102, 103, 104, 107, 112, 114, 115, 116, 117, 119, 120, 122, 123, 124, 126, 127, 128, 129, 130, 132, 134, 135, 136, 137, 138, 139, 140, 142, 143, 144, 145, 146, 147, 148, 149, 151, 153, 154, 155, 156, 158, 159, 160, 161, 163, 166, 168, 170, 172, 173, 174, 175, 176, 177, 178, 180, 181, 184, 186, 187, 190, 191, 192, 193, 194, 196, 197, 198]",229.17677463801732,223.55113291740417,True
vc_200_750_02.txt,8696,8384,"[0, 3, 4, 5, 6, 7, 8, 11, 13, 17, 18, 20, 21, 23, 25, 26, 27, 28, 29, 30, 33, 34, 35, 36, 38, 39, 40, 41, 44, 46, 47, 48, 50, 51, 52, 53, 54, 56, 57, 58, 59, 60, 61, 66, 67, 68, 71, 72, 73, 74, 75, 76, 77, 79, 80, 81, 82, 83, 84, 85, 86, 88, 89, 92, 93, 94, 97, 100, 101, 103, 104, 107, 108, 112, 113, 114, 115, 116, 119, 120, 121, 123, 124, 125, 126, 128, 129, 130, 131, 133, 134, 136, 137, 138, 140, 141, 142, 143, 146, 148, 149, 150, 151, 154, 156, 157, 159, 160, 161, 162, 163, 165, 166, 167, 168, 170, 171, 172, 173, 175, 176, 178, 179, 180, 183, 184, 185, 186, 187, 188, 189, 191, 192, 193, 194, 195, 196, 197, 199]",84.50493345691027,239.32475519180298,True
vc_200_750_03.txt,8952,8654,"[0, 1, 2, 3, 4, 5, 6, 8, 9, 11, 13, 15, 16, 17, 18, 19, 20, 22, 23, 24, 29, 30, 31, 32, 33, 35, 36, 39, 41, 43, 45, 47, 48, 51, 52, 53, 54, 55, 57, 58, 59, 60, 61, 62, 63, 65, 66, 68, 69, 70, 72, 74, 77, 78, 79, 82, 83, 85, 89, 90, 91, 92, 93, 94, 96, 97, 98, 99, 100, 101, 102, 103, 104, 105, 108, 109, 112, 113, 114, 115, 117, 118, 119, 124, 125, 126, 127, 129, 130, 132, 133, 135, 136, 138, 139, 141, 142, 143, 146, 147, 148, 149, 150, 151, 154, 155, 156, 157, 159, 160, 161, 162, 163, 168, 171, 172, 173, 174, 177, 178, 179, 186, 187, 189, 190, 191, 192, 194, 196, 197, 199]",261.9698216735254,132.43220615386963,True
vc_200_750_04.txt,8466,8074,"[1, 2, 3, 5, 8, 9, 10, 11, 12, 13, 15, 17, 20, 21, 22, 23, 24, 25, 27, 29, 30, 32, 33, 34, 35, 36, 37, 38, 43, 44, 45, 46, 47, 48, 49, 50, 51, 52, 53, 54, 56, 58, 59, 61, 65, 66, 70, 72, 73, 74, 75, 78, 80, 81, 84, 85, 86, 88, 89, 90, 91, 92, 93, 94, 95, 97, 99, 103, 104, 107, 108, 109, 110, 111, 113, 115, 117, 118, 120, 121, 123, 124, 127, 128, 132, 134, 136, 137, 139, 140, 141, 143, 145, 146, 147, 148, 149, 151, 152, 153, 156, 158, 159, 160, 161, 162, 164, 165, 167, 170, 171, 172, 173, 174, 175, 176, 177, 178, 179, 180, 181, 182, 184, 185, 186, 187, 188, 189, 190, 191, 192, 194, 195, 197, 199]",69.60856610630154,211.2878646850586,True
vc_200_750_05.txt,9173,9006,"[0, 1, 2, 4, 5, 7, 8, 9, 10, 11, 13, 14, 15, 17, 18, 19, 21, 23, 25, 27, 28, 29, 30, 32, 33, 34, 35, 36, 37, 38, 39, 40, 41, 43, 44, 45, 51, 52, 55, 56, 57, 58, 60, 61, 62, 66, 67, 68, 70, 71, 73, 75, 76, 77, 79, 80, 81, 83, 85, 86, 87, 88, 89, 90, 91, 92, 93, 94, 96, 97, 98, 99, 100, 101, 102, 103, 104, 105, 106, 109, 110, 111, 112, 113, 117, 118, 120, 122, 123, 124, 125, 126, 127, 131, 132, 133, 135, 139, 141, 142, 143, 144, 145, 146, 147, 148, 153, 155, 156, 158, 159, 160, 161, 163, 164, 166, 168, 169, 171, 172, 173, 177, 178, 179, 181, 182, 183, 184, 186, 188, 189, 190, 193, 194, 197, 198, 199]",151.30276712316828,223.7731761932373,True
vc_200_750_06.txt,8594,8265,"[0, 1, 3, 4, 6, 7, 9, 10, 12, 13, 15, 17, 18, 19, 20, 21, 24, 27, 28, 29, 30, 31, 35, 37, 38, 39, 40, 41, 42, 43, 45, 47, 50, 51, 54, 55, 56, 57, 59, 60, 61, 63, 65, 67, 68, 69, 71, 72, 73, 76, 77, 79, 82, 83, 85, 86, 87, 89, 90, 93, 94, 96, 98, 99, 100, 105, 106, 107, 108, 111, 114, 115, 116, 117, 118, 120, 121, 122, 123, 126, 127, 128, 129, 130, 131, 132, 133, 134, 135, 136, 137, 139, 140, 141, 142, 143, 144, 146, 148, 150, 152, 154, 155, 156, 158, 159, 160, 161, 162, 164, 166, 167, 168, 169, 171, 172, 173, 175, 177, 178, 179, 181, 182, 183, 185, 187, 188, 189, 190, 191, 192, 193, 194, 195, 196, 197]",33.11846846592566,176.75020003318787,True
vc_200_750_07.txt,8005,7701,"[1, 3, 4, 5, 7, 10, 12, 13, 16, 17, 18, 19, 20, 21, 23, 24, 26, 27, 28, 30, 34, 35, 36, 37, 38, 39, 40, 43, 44, 45, 47, 48, 49, 51, 52, 53, 54, 55, 60, 61, 63, 64, 66, 68, 70, 71, 72, 73, 76, 77, 78, 81, 82, 83, 84, 85, 87, 88, 89, 90, 91, 92, 93, 94, 98, 100, 101, 102, 105, 106, 111, 112, 115, 116, 117, 118, 119, 120, 122, 123, 124, 125, 127, 130, 131, 136, 137, 139, 140, 141, 142, 144, 145, 146, 147, 148, 149, 151, 153, 154, 155, 156, 157, 159, 160, 161, 162, 164, 165, 166, 167, 168, 171, 173, 175, 176, 177, 179, 180, 182, 183, 184, 185, 186, 188, 189, 190, 191, 192, 193, 195, 197, 199]",156.17131534827,135.13150811195374,True
vc_200_750_08.txt,8712,8528,"[0, 3, 4, 5, 6, 7, 8, 9, 11, 13, 14, 16, 17, 18, 19, 21, 22, 24, 25, 26, 27, 30, 31, 32, 34, 35, 36, 38, 39, 40, 41, 42, 43, 44, 45, 47, 48, 50, 53, 54, 57, 58, 59, 60, 61, 62, 64, 65, 66, 67, 70, 71, 73, 74, 76, 77, 78, 79, 80, 82, 83, 84, 85, 86, 87, 88, 89, 91, 92, 93, 95, 96, 97, 99, 100, 101, 102, 103, 104, 105, 106, 113, 114, 116, 124, 126, 128, 129, 130, 132, 133, 134, 135, 136, 137, 140, 141, 142, 143, 144, 145, 146, 147, 148, 149, 151, 153, 154, 155, 157, 159, 161, 162, 166, 167, 168, 169, 170, 171, 172, 173, 174, 175, 177, 179, 180, 181, 183, 184, 186, 187, 188, 189, 191, 192, 193, 194, 195, 196, 197, 199]",57.911962034056444,240.97347807884216,True
vc_200_750_09.txt,8830,8661,"[0, 8, 10, 13, 14, 15, 16, 17, 18, 20, 21, 22, 23, 24, 25, 26, 30, 31, 32, 33, 34, 35, 37, 38, 40, 42, 43, 44, 47, 49, 51, 52, 53, 54, 55, 56, 60, 63, 65, 66, 67, 71, 72, 73, 74, 75, 78, 79, 81, 82, 83, 84, 85, 86, 88, 89, 90, 91, 92, 96, 97, 98, 99, 102, 103, 104, 105, 107, 108, 110, 115, 116, 117, 118, 119, 120, 122, 123, 124, 125, 126, 128, 130, 131, 132, 133, 134, 135, 136, 137, 139, 140, 141, 142, 143, 144, 145, 147, 148, 149, 150, 152, 154, 155, 157, 158, 159, 160, 162, 163, 164, 167, 168, 169, 170, 171, 172, 173, 176, 177, 179, 180, 181, 182, 184, 185, 186, 187, 189, 190, 191, 192, 194, 196, 197, 199]",157.76770042537822,248.00088596343994,True
vc_200_750_10.txt,8708,8459,"[1, 2, 4, 5, 6, 7, 9, 10, 11, 14, 15, 16, 18, 19, 20, 21, 23, 24, 25, 26, 29, 31, 32, 34, 35, 36, 38, 39, 40, 41, 42, 44, 47, 49, 50, 54, 55, 56, 57, 58, 59, 60, 61, 63, 64, 65, 66, 68, 70, 71, 72, 74, 75, 76, 79, 80, 81, 86, 88, 89, 90, 91, 92, 93, 94, 95, 100, 102, 103, 104, 106, 107, 108, 109, 110, 111, 114, 117, 118, 119, 120, 121, 124, 125, 126, 128, 129, 132, 133, 134, 136, 138, 139, 142, 143, 144, 145, 146, 148, 150, 151, 152, 153, 154, 156, 157, 158, 160, 161, 162, 163, 164, 166, 167, 170, 171, 172, 173, 176, 177, 178, 179, 181, 183, 184, 185, 187, 188, 189, 193, 195, 197, 198, 199]",169.88629782045427,133.30095601081848,True
vc_200_3000_01.txt,11895,11728,"[0, 2, 3, 5, 6, 7, 8, 9, 10, 11, 13, 14, 16, 17, 18, 19, 20, 21, 22, 23, 24, 25, 26, 27, 28, 29, 30, 31, 32, 33, 34, 35, 37, 38, 39, 40, 41, 42, 43, 44, 45, 46, 47, 48, 49, 50, 51, 52, 53, 54, 56, 57, 58, 60, 61, 62, 64, 65, 66, 67, 68, 69, 70, 71, 73, 74, 75, 76, 77, 78, 80, 81, 82, 83, 84, 85, 86, 87, 88, 89, 90, 91, 92, 93, 94, 95, 96, 97, 98, 99, 100, 101, 102, 103, 105, 106, 107, 109, 110, 111, 112, 113, 114, 115, 116, 117, 118, 119, 120, 121, 122, 124, 125, 127, 128, 129, 130, 131, 132, 133, 134, 136, 137, 138, 139, 140, 141, 142, 143, 144, 145, 146, 148, 149, 150, 151, 152, 153, 155, 156, 157, 158, 160, 161, 162, 163, 166, 167, 169, 170, 171, 172, 173, 174, 175, 176, 177, 178, 180, 181, 182, 184, 185, 186, 187, 189, 190, 191, 192, 193, 194, 195, 196, 198, 199]",197.98083595990897,710.6571819782257,True
vc_200_3000_02.txt,11576,11346,"[0, 1, 2, 3, 4, 5, 6, 7, 8, 10, 11, 13, 14, 15, 16, 17, 18, 19, 20, 22, 23, 24, 25, 26, 27, 28, 29, 30, 31, 32, 33, 34, 35, 36, 37, 38, 39, 40, 41, 42, 43, 44, 46, 47, 48, 49, 50, 51, 52, 53, 54, 55, 56, 58, 60, 61, 62, 63, 65, 66, 68, 69, 70, 71, 72, 73, 74, 75, 76, 77, 78, 79, 81, 82, 83, 84, 85, 86, 87, 88, 89, 90, 91, 92, 93, 94, 95, 96, 98, 99, 101, 102, 103, 104, 105, 106, 107, 108, 109, 110, 111, 112, 113, 114, 115, 116, 118, 119, 120, 121, 123, 124, 125, 126, 127, 128, 130, 131, 132, 133, 134, 136, 138, 139, 140, 141, 142, 143, 144, 145, 146, 147, 148, 149, 150, 151, 152, 153, 154, 156, 159, 161, 162, 163, 165, 166, 167, 168, 169, 170, 171, 172, 174, 175, 176, 177, 178, 179, 180, 182, 183, 184, 185, 186, 188, 189, 190, 191, 192, 193, 194, 195, 196, 198, 199]",131.17318881044991,623.1973760128021,True
vc_200_3000_03.txt,12227,12030,"[2, 3, 4, 6, 7, 8, 10, 12, 13, 14, 15, 16, 17, 19, 20, 21, 22, 23, 24, 25, 26, 27, 28, 29, 30, 31, 32, 34, 35, 37, 40, 41, 42, 44, 45, 46, 48, 49, 50, 51, 52, 53, 54, 55, 56, 57, 58, 59, 60, 61, 62, 63, 65, 66, 67, 68, 69, 70, 71, 72, 73, 74, 75, 76, 77, 78, 79, 80, 81, 83, 84, 85, 86, 87, 88, 89, 90, 91, 92, 93, 94, 95, 97, 99, 101, 102, 103, 104, 105, 106, 108, 109, 110, 111, 112, 113, 114, 115, 116, 117, 118, 119, 121, 122, 123, 124, 125, 126, 127, 128, 129, 130, 131, 132, 133, 134, 136, 137, 138, 140, 141, 142, 143, 144, 145, 146, 147, 148, 149, 150, 151, 152, 153, 154, 155, 156, 157, 158, 159, 160, 161, 162, 164, 165, 166, 167, 168, 169, 170, 171, 172, 173, 174, 175, 176, 177, 179, 181, 182, 183, 186, 187, 188, 189, 191, 192, 193, 194, 195, 196, 197, 198, 199]",20.941717163544233,678.0509641170502,True
vc_200_3000_04.txt,13136,12894,"[0, 2, 3, 4, 5, 6, 7, 8, 9, 11, 12, 13, 14, 15, 17, 18, 19, 20, 21, 22, 23, 24, 25, 27, 28, 29, 30, 31, 32, 33, 35, 36, 37, 38, 39, 40, 41, 42, 43, 44, 45, 46, 47, 48, 49, 50, 52, 53, 54, 55, 56, 57, 58, 59, 60, 62, 63, 64, 65, 66, 67, 68, 69, 70, 71, 72, 73, 74, 75, 76, 78, 79, 80, 81, 82, 83, 84, 86, 88, 89, 90, 91, 92, 94, 95, 96, 97, 98, 99, 100, 101, 103, 105, 106, 107, 108, 109, 110, 111, 112, 113, 114, 115, 116, 117, 118, 119, 120, 121, 122, 123, 124, 125, 126, 127, 128, 129, 130, 131, 132, 133, 134, 136, 137, 138, 139, 140, 141, 142, 143, 144, 145, 146, 149, 150, 151, 152, 153, 154, 155, 156, 157, 158, 160, 161, 163, 164, 165, 166, 168, 169, 171, 172, 173, 174, 175, 176, 177, 179, 180, 181, 183, 184, 185, 186, 187, 188, 190, 191, 192, 193, 194, 195, 197, 198, 199]",175.06680668862708,690.9683320522308,True
vc_200_3000_05.txt,11950,11858,"[0, 1, 2, 3, 4, 5, 6, 7, 8, 9, 10, 11, 12, 13, 14, 15, 16, 17, 18, 19, 20, 21, 22, 23, 24, 25, 27, 29, 30, 33, 34, 35, 36, 37, 38, 39, 40, 41, 42, 43, 44, 46, 47, 48, 49, 50, 52, 55, 56, 57, 58, 59, 60, 61, 62, 63, 64, 66, 67, 68, 69, 70, 71, 72, 74, 75, 77, 79, 80, 81, 82, 83, 84, 85, 86, 88, 89, 90, 91, 92, 93, 94, 95, 96, 97, 98, 99, 100, 101, 102, 103, 104, 105, 106, 108, 109, 110, 111, 113, 114, 115, 116, 117, 118, 119, 120, 121, 124, 125, 126, 128, 129, 130, 131, 132, 133, 135, 136, 137, 138, 139, 140, 141, 142, 143, 145, 146, 147, 148, 149, 150, 151, 152, 153, 154, 155, 157, 158, 159, 160, 161, 162, 163, 164, 165, 166, 167, 168, 169, 170, 171, 172, 174, 176, 177, 178, 179, 180, 181, 182, 183, 184, 185, 186, 187, 188, 189, 190, 191, 192, 193, 194, 195, 196, 197, 198, 199]",202.77163200022022,696.4376060962677,True
vc_200_3000_06.txt,11539,11328,"[0, 1, 3, 4, 5, 6, 7, 8, 9, 10, 12, 13, 14, 15, 16, 17, 18, 19, 20, 21, 23, 24, 25, 26, 27, 28, 29, 30, 31, 33, 34, 36, 37, 38, 39, 40, 41, 42, 43, 44, 45, 47, 49, 50, 51, 52, 53, 54, 55, 56, 57, 58, 59, 60, 61, 62, 63, 64, 65, 67, 69, 70, 71, 73, 75, 76, 77, 78, 79, 80, 81, 82, 83, 84, 85, 86, 87, 88, 89, 90, 91, 93, 94, 95, 96, 97, 98, 99, 100, 101, 102, 103, 105, 106, 107, 109, 110, 112, 113, 114, 115, 116, 117, 119, 120, 121, 122, 123, 124, 125, 126, 127, 128, 129, 130, 131, 132, 133, 134, 135, 137, 138, 139, 141, 142, 143, 145, 146, 147, 148, 149, 150, 151, 152, 153, 154, 155, 156, 157, 158, 159, 160, 161, 163, 164, 165, 166, 168, 169, 170, 171, 173, 174, 176, 177, 178, 179, 180, 181, 182, 183, 184, 185, 187, 188, 189, 190, 191, 192, 193, 194, 196, 197, 198, 199]",66.16956299876799,691.5875759124756,True
vc_200_3000_07.txt,11836,11583,"[1, 2, 3, 4, 5, 6, 7, 9, 10, 11, 12, 13, 14, 15, 17, 18, 19, 20, 21, 24, 25, 26, 27, 29, 30, 31, 32, 33, 35, 36, 37, 39, 40, 41, 42, 43, 44, 45, 46, 47, 48, 50, 51, 52, 53, 55, 57, 59, 60, 61, 62, 63, 64, 65, 66, 67, 68, 69, 70, 71, 72, 73, 76, 77, 78, 79, 81, 82, 83, 84, 87, 88, 89, 91, 92, 94, 95, 96, 97, 98, 100, 101, 102, 103, 104, 105, 106, 107, 108, 109, 110, 111, 112, 114, 115, 117, 118, 119, 120, 121, 122, 123, 124, 125, 127, 128, 129, 130, 131, 132, 133, 134, 135, 136, 137, 138, 139, 140, 141, 142, 143, 144, 145, 146, 147, 148, 149, 150, 151, 153, 154, 155, 156, 157, 160, 161, 162, 163, 164, 165, 166, 167, 168, 169, 170, 171, 172, 173, 174, 175, 176, 177, 178, 179, 180, 181, 182, 183, 185, 186, 187, 188, 189, 190, 191, 192, 193, 194, 195, 196, 197, 198, 199]",214.2054142474854,659.8127627372742,True
vc_200_3000_08.txt,12083,11868,"[1, 2, 3, 4, 5, 6, 7, 8, 9, 10, 11, 12, 14, 15, 18, 19, 20, 21, 23, 24, 25, 26, 27, 28, 29, 31, 33, 34, 36, 37, 38, 39, 40, 41, 42, 44, 45, 46, 47, 48, 49, 50, 52, 53, 54, 55, 56, 57, 58, 59, 60, 61, 62, 63, 65, 66, 67, 68, 70, 71, 72, 73, 74, 75, 76, 77, 78, 79, 80, 81, 82, 83, 84, 85, 86, 87, 88, 89, 90, 93, 94, 96, 97, 98, 99, 101, 102, 103, 104, 106, 107, 108, 109, 110, 112, 113, 114, 115, 116, 117, 118, 119, 120, 121, 122, 123, 124, 125, 127, 128, 129, 130, 131, 132, 133, 134, 135, 136, 137, 138, 139, 140, 141, 142, 143, 144, 145, 146, 147, 148, 149, 150, 151, 152, 153, 154, 157, 159, 160, 161, 162, 163, 164, 165, 166, 168, 169, 171, 172, 173, 174, 175, 176, 177, 178, 179, 180, 181, 182, 183, 184, 185, 186, 187, 188, 190, 191, 192, 193, 194, 195, 196, 198, 199]",231.74029462608445,679.6931340694427,True
vc_200_3000_09.txt,12118,12008,"[0, 1, 2, 3, 4, 5, 6, 8, 9, 10, 12, 13, 15, 16, 17, 18, 19, 20, 21, 22, 23, 24, 25, 27, 28, 29, 30, 31, 32, 33, 35, 36, 37, 38, 39, 41, 42, 43, 44, 45, 47, 48, 49, 51, 52, 53, 54, 55, 56, 57, 58, 59, 60, 61, 62, 63, 64, 65, 66, 67, 68, 69, 70, 71, 72, 74, 75, 76, 77, 78, 79, 80, 81, 82, 83, 84, 85, 86, 87, 88, 89, 90, 92, 93, 94, 96, 97, 98, 99, 100, 101, 102, 103, 105, 106, 107, 108, 110, 111, 112, 113, 114, 118, 119, 120, 121, 122, 123, 124, 125, 126, 127, 128, 129, 130, 131, 132, 133, 134, 135, 136, 137, 139, 140, 141, 142, 143, 144, 145, 147, 149, 150, 151, 152, 154, 155, 156, 157, 158, 159, 160, 161, 162, 163, 164, 165, 166, 169, 170, 171, 172, 173, 174, 175, 177, 178, 179, 180, 181, 182, 183, 184, 185, 186, 187, 188, 189, 190, 192, 193, 194, 195, 196, 197, 199]",200.42806318278045,692.4992980957031,True
vc_200_3000_10.txt,11915,11551,"[0, 1, 2, 3, 4, 5, 7, 8, 9, 10, 12, 13, 15, 16, 17, 18, 19, 20, 21, 22, 23, 24, 25, 26, 27, 28, 29, 30, 31, 32, 33, 34, 35, 36, 37, 38, 39, 40, 41, 42, 43, 44, 47, 49, 52, 53, 54, 55, 56, 57, 59, 60, 61, 62, 63, 64, 65, 66, 67, 69, 70, 71, 75, 77, 78, 79, 83, 84, 85, 86, 87, 88, 89, 90, 91, 92, 93, 94, 95, 96, 97, 98, 99, 100, 101, 102, 103, 105, 106, 107, 108, 110, 111, 112, 113, 114, 115, 116, 117, 118, 120, 121, 122, 123, 124, 125, 126, 127, 128, 130, 131, 133, 135, 136, 137, 138, 139, 140, 141, 142, 143, 144, 145, 146, 147, 148, 149, 151, 152, 153, 154, 155, 156, 157, 158, 159, 160, 161, 162, 165, 166, 167, 168, 169, 170, 171, 172, 173, 174, 175, 176, 177, 178, 179, 180, 182, 183, 184, 185, 186, 187, 188, 189, 190, 191, 192, 193, 194, 195, 196, 198]",168.29910862530357,689.6815619468689,True
vc_800_10000.txt,46155,44649,"[0, 2, 3, 4, 6, 7, 8, 9, 11, 12, 13, 14, 15, 16, 17, 18, 19, 21, 22, 23, 24, 25, 26, 27, 28, 29, 30, 31, 32, 33, 35, 36, 37, 38, 40, 42, 45, 46, 47, 48, 49, 51, 54, 56, 57, 61, 62, 63, 64, 65, 66, 68, 69, 70, 71, 72, 74, 75, 76, 77, 78, 79, 80, 82, 83, 84, 85, 86, 87, 89, 90, 91, 92, 94, 95, 97, 98, 99, 100, 101, 102, 103, 104, 105, 106, 107, 108, 109, 110, 111, 112, 113, 114, 115, 118, 119, 120, 121, 123, 124, 125, 126, 127, 129, 131, 132, 134, 135, 136, 137, 138, 139, 140, 141, 142, 143, 144, 145, 146, 147, 148, 149, 150, 151, 152, 153, 154, 155, 156, 157, 158, 159, 160, 162, 163, 165, 166, 167, 168, 169, 170, 171, 172, 173, 174, 176, 177, 178, 180, 181, 183, 185, 186, 187, 188, 189, 190, 191, 192, 194, 196, 197, 198, 199, 200, 201, 202, 203, 204, 205, 206, 207, 208, 209, 210, 211, 212, 213, 214, 215, 216, 217, 218, 219, 221, 222, 223, 225, 226, 227, 228, 229, 230, 231, 232, 233, 234, 236, 237, 239, 240, 241, 242, 243, 244, 245, 246, 247, 248, 249, 250, 252, 253, 254, 255, 256, 257, 258, 259, 260, 261, 262, 263, 264, 265, 266, 268, 270, 271, 272, 273, 274, 275, 276, 277, 278, 279, 281, 283, 284, 285, 286, 287, 288, 289, 290, 291, 292, 293, 295, 296, 297, 298, 299, 300, 301, 302, 304, 305, 306, 308, 309, 311, 312, 313, 314, 315, 317, 318, 320, 321, 322, 323, 325, 326, 327, 328, 330, 331, 332, 334, 335, 336, 337, 338, 339, 341, 342, 344, 345, 346, 347, 348, 349, 350, 351, 352, 353, 354, 355, 356, 357, 358, 360, 361, 362, 363, 364, 365, 367, 368, 369, 372, 373, 375, 376, 377, 378, 379, 380, 381, 382, 384, 385, 386, 387, 388, 389, 390, 392, 393, 395, 396, 398, 399, 400, 401, 402, 403, 404, 406, 407, 411, 412, 413, 414, 415, 416, 417, 418, 419, 420, 421, 422, 423, 424, 425, 426, 428, 429, 430, 432, 434, 435, 437, 438, 439, 441, 442, 443, 445, 447, 448, 450, 451, 452, 453, 454, 456, 457, 458, 459, 460, 461, 462, 463, 464, 466, 467, 468, 469, 470, 472, 473, 474, 475, 477, 479, 481, 482, 483, 484, 485, 486, 487, 488, 489, 490, 493, 494, 495, 497, 499, 500, 501, 502, 503, 504, 505, 506, 507, 508, 510, 511, 513, 514, 516, 517, 518, 519, 520, 521, 522, 523, 524, 525, 526, 527, 528, 530, 531, 532, 533, 534, 536, 537, 538, 539, 540, 541, 542, 544, 545, 546, 547, 548, 549, 550, 551, 552, 554, 555, 557, 558, 559, 560, 561, 563, 564, 565, 566, 567, 568, 569, 570, 571, 572, 573, 574, 575, 576, 577, 578, 579, 580, 581, 583, 584, 586, 587, 588, 589, 590, 591, 592, 593, 595, 596, 598, 599, 600, 601, 602, 603, 604, 606, 607, 608, 609, 610, 611, 612, 613, 614, 615, 616, 619, 620, 621, 622, 623, 625, 626, 627, 628, 629, 630, 631, 632, 633, 634, 635, 636, 637, 638, 639, 641, 642, 643, 644, 645, 646, 647, 648, 650, 652, 653, 654, 657, 658, 659, 660, 661, 662, 664, 666, 667, 668, 669, 670, 671, 672, 673, 674, 675, 676, 677, 678, 679, 680, 681, 682, 683, 684, 685, 689, 690, 691, 692, 693, 694, 695, 696, 698, 701, 702, 703, 704, 705, 706, 707, 708, 709, 710, 711, 712, 713, 714, 715, 716, 717, 719, 720, 721, 722, 723, 724, 727, 728, 729, 730, 731, 732, 734, 736, 738, 739, 741, 742, 743, 744, 745, 747, 748, 749, 750, 751, 752, 753, 754, 755, 756, 757, 758, 759, 760, 761, 762, 764, 766, 767, 768, 769, 770, 771, 772, 773, 774, 775, 776, 777, 778, 779, 780, 781, 782, 783, 785, 786, 787, 788, 789, 790, 792, 794, 795, 796, 797, 798, 799]",400.4481024234112,348.5432,true
